Li Dai Lu's,李戴璐的
Li Dai Lu,李戴璐
Liu Wei's,刘伟的
Liu Weil,刘伟
Liu Wei,刘伟
Chen Zi Han's,陈子涵的
Chen Zi Han,陈子涵
Wang Chao,王超
Liu Yu Zengs,刘余增的
Liu Yu Zeng,刘余增
Deng Jun Hie's,邓俊熙的
Deng Jun Hie,邓俊熙
Zhao Jia Li,周嘉丽
Zhou Jia Li,周嘉丽
Zhao Jia Li's,周嘉丽的
Li Shoi Ming's,李绍明的
Li Shoi Ming,李绍明
LI Shoi Ming,李绍明
Li Shi Ming,李绍明
Yang Meng Yao's,杨梦瑶的
Yang Meng Yao,杨梦瑶
Zhao Jun Jie,赵俊杰
Brat,小子
Bai Long Qiang,白龙强
nanaimo bars,辣条
Elysian City,欢乐城
the Wang Family,王家
Miyagi,宫城
Hansel,汉斯尔
Gretel,格雷特
Jack,杰克
Yuan,元
Ares,阿瑞
Chalchiuhtotolin,林呃林呃林
Lin,林
Wen Shen,沈文
Li Tai Shun's,李泰顺的
Li Tai Shun,李泰顺
Dai Lu,戴璐
Wu Bai Hee's,吴百熙的
Wu Bai Hee,吴百熙
Wu Bei Hee,吴百熙
Wu Bi Hee,吴百熙
the Liu Family,刘家
Liu Yu Xuan,刘宇轩
Cheng Feng,郑冯
Liu Hao Yu,刘浩宇
Cerberus,赛贝斯
Ezekiel,基尔
Jezebel,贝尔
Colin,科林
Adam,阿当
Huang Nian Zu's,黄江祖的
Huang Nianzu,黄江祖
Huang Nian Zu,黄江祖
Hunag Nian Zu,黄江祖
Huang Nian Zi,黄江祖
Jiang Chang Ming,江昌明
Meng Yu Seng,孟宇森
Meng Yu Sheng,孟宇森
jack,杰克
Elvis,伊娃
Yang Bo Wen,杨博恩
Zhou Gang Jia,周刚嘉
De Nile,尼罗河
Grinch,讨厌鬼
Fucktrumpet,大声发
jerry,杰里
Jerry,杰里
Chang Xin Ya,张新亚
Chen Xin Ya's,张新亚的
Chen Xin Ya,张新亚
Xing Xin Ya's,邢星雅的
Xing Xin Ya,邢星雅
Zou De Ming,周德明
Kuru,库鲁病
Crutzfeldt-Jakob,克-雅脑病
Chen Xi Han,陈西韩
Bo Chen,宝辰
Dorothy L Sayers,赛儿丝
Joker,小丑
Alice,艾丽
Guo De Lun,郭德鲁
Luo Jia Yi,罗佳易
Bin An Sha's,阿依萨的
Bin An Sha,阿依萨
Zhou Jun Jie,周俊杰
Liu Liu,刘刘
Zeng Zeng,增增
Wei Wei,伟伟
Li Sai Hong,李赛洪
Peng Yong Rui,彭勇瑞
Uncle Li,Uncle Li
Phonoi,唱机
Kraken,克莱肯
Lonnie,朗尼
Nietzsche,尼采
Hades,哈迪斯
Skittles,彩虹糖
Reaver,轰击甲虫
Ripper,瑞普
Rip,瑞普
Cronus,卡洛斯
Reaper,死神
Alpha,老大
Beta,副将
City A,A市
City Y,Y市
City B,B市
City J,J市
Country K,K国
Sea Dragon,海龙
Country M,M国
Sweetness,亲爱的